{"cameraMode":{"drawMode":0,"name":"Shaded","section":"Shading Mode"},"sceneLighting":true,"audioPlay":false,"sceneViewState":{"m_AlwaysRefresh":false,"showFog":true,"showSkybox":true,"showFlares":true,"showImageEffects":true,"showParticleSystems":true,"showVisualEffectGraphs":true,"m_FxEnabled":false},"in2DMode":false,"pivot":{"x":-239.48121643066407,"y":13.918848991394043,"z":-79.64177703857422},"rotation":{"x":-0.022706152871251107,"y":-0.7958557605743408,"z":0.02983194962143898,"w":-0.604371964931488},"size":115.86199951171875,"orthographic":true}