{"cameraMode":{"drawMode":0,"name":"Shaded","section":"Shading Mode"},"sceneLighting":false,"audioPlay":false,"sceneViewState":{"m_AlwaysRefresh":false,"showFog":true,"showSkybox":false,"showFlares":true,"showImageEffects":true,"showParticleSystems":true,"showVisualEffectGraphs":true,"m_FxEnabled":true},"in2DMode":false,"pivot":{"x":0.0025000572204589845,"y":9.399839401245118,"z":-8.331990242004395},"rotation":{"x":-0.15857139229774476,"y":-0.7315957546234131,"z":0.18177583813667298,"w":-0.6377753615379334},"size":33.57188034057617,"orthographic":true}