{"cameraMode":{"drawMode":0,"name":"Shaded","section":"Shading Mode"},"sceneLighting":false,"audioPlay":false,"sceneViewState":{"m_AlwaysRefresh":false,"showFog":true,"showSkybox":false,"showFlares":true,"showImageEffects":true,"showParticleSystems":true,"showVisualEffectGraphs":true,"m_FxEnabled":false},"in2DMode":false,"pivot":{"x":1699.0999755859375,"y":980.3399047851563,"z":-19908.62109375},"rotation":{"x":-0.0014995695091784,"y":0.006307097151875496,"z":-0.000009099598173634149,"w":-0.9999852180480957},"size":466.35186767578127,"orthographic":true}