{"cameraMode":{"drawMode":0,"name":"Shaded","section":"Shading Mode"},"sceneLighting":false,"audioPlay":false,"sceneViewState":{"m_AlwaysRefresh":false,"showFog":true,"showSkybox":false,"showFlares":true,"showImageEffects":true,"showParticleSystems":true,"showVisualEffectGraphs":true,"m_FxEnabled":false},"in2DMode":false,"pivot":{"x":0.000003635883331298828,"y":2.6027588844299318,"z":-27.69387435913086},"rotation":{"x":-0.029288586229085923,"y":-0.9527526497840881,"z":0.286288321018219,"w":-0.09752608090639115},"size":13.738131523132325,"orthographic":true}