{"cameraMode":{"drawMode":0,"name":"Shaded","section":"Shading Mode"},"sceneLighting":true,"audioPlay":false,"sceneViewState":{"m_AlwaysRefresh":false,"showFog":true,"showSkybox":false,"showFlares":true,"showImageEffects":true,"showParticleSystems":true,"showVisualEffectGraphs":true,"m_FxEnabled":true},"in2DMode":false,"pivot":{"x":-38.02149963378906,"y":15.036876678466797,"z":-14.490774154663086},"rotation":{"x":-0.019406398758292199,"y":-0.10002285987138748,"z":0.0019412768306210638,"w":-0.9949010014533997},"size":41.22195053100586,"orthographic":true}