{"cameraMode":{"drawMode":0,"name":"Shaded","section":"Shading Mode"},"sceneLighting":true,"audioPlay":false,"sceneViewState":{"m_AlwaysRefresh":false,"showFog":true,"showSkybox":false,"showFlares":true,"showImageEffects":true,"showParticleSystems":true,"showVisualEffectGraphs":true,"m_FxEnabled":true},"in2DMode":false,"pivot":{"x":-5.6999969482421879,"y":19.149999618530275,"z":-10.631927490234375},"rotation":{"x":-0.15857139229774476,"y":-0.7315957546234131,"z":0.18177583813667298,"w":-0.6377753615379334},"size":50.99183654785156,"orthographic":true}